{"der_profile": null, "name": "feeder_0_tr(r:p1udt471-p1udt471lv)_nodes_PV", "LoadName": "TR(R:P1UDT471-P1UDT471LV)", "model_parameters": {}, "control_parameters": {"Vupper": 1.05, "Vlower": 0.95, "behavep1": 1.2, "uuid": 1.0, "type": "rbc", "nu": 0.1, "alpha": 1.0, "costp": 1.0, "costq": 1.0, "Aq": [0.7305813180136547, 0.15185730718496265, 0.8320611996684599, 0.15203863982622648, 0.16178549921079202, 0.8374844000557363, 0.16197404750079616, 0.13709132889938094, 0.5277737213289384, 1.4142344165281846, 0.5277676619501546, 0.6048011467099002, 1.5279721690301586, 0.6047762613191476, 0.14317614337584508, 0.758917083119899, 0.1433990456007426, 0.1493716714497809, 0.8307280907079518, 0.14955105911675529, 0.14921952795304042, 0.8306393876385715, 0.1493987947285957, 0.6007156157059247, 1.527916634452015, 0.6006860193234886, 1.6061398681423065, 0.7306690299851694, 0.7306690325783041, 0.1373273976747801], "Ap": [0.9235174354831628, 0.27736773622739774, 0.9731702588026386, 0.2778255591773565, 0.28261629226972057, 0.9967251111802717, 0.28309371478676265, 0.2599159794879437, 0.3708002933896832, 1.1948461824735728, 0.3718565931053537, 0.37929014354754415, 1.2328440694856524, 0.38047772483811976, 0.2659603265546704, 0.9429645101802077, 0.26641461193746013, 0.27611281107595587, 0.9671879405364942, 0.27656554805274913, 0.27603452550468704, 0.9668151623680846, 0.2764869478044713, 0.37942840798425076, 1.2265629642152618, 0.38061312327241337, 1.3080122718155383, 0.9236283109367186, 0.9236283142146632, 0.2603635500779004], "Mq": [0.02880624626326453, 0.6055815992444982, 0.028853585010911842], "Mp": [0.10998594489775201, -0.9674841042605244, 0.10909265106962332], "Nodes_monitor_V_index_3": [3, 4, 5, 6, 7, 8, 9, 10, 11, 12, 13, 14, 15, 16, 17, 18, 19, 20, 21, 22, 23, 24, 25, 26, 27, 28, 29, 30, 63, 64], "capacity": 92.56, "model_type": "PV", "volt_index": 34, "pmax": 92.56, "qmax": 18.720000000000002, "pmin": 0.0, "qmin": 0.0}, "control_logic": "controller_type_name", "model_type": "PV", "type": "rbc", "helics": {"subscription_topic": ["feeder_0_gammauk", "feeder_0_gammalk", "feeder_0_muk", "feeder_0_lambdak", "feeder_0_alpha", "feeder_0_service", "feeder_0_behavior"], "publication_topic": ["feeder_0_tr(r:p1udt471-p1udt471lv)_nodes_PV"], "endpoints": ["feeder_0_tr(r:p1udt471-p1udt471lv)_nodes_PV_endpoint"], "publication_interval": 1, "endpoint_interval": 1, "deltat": 1}, "Agent": "primalupdate", "publication_interval": 2, "endpoint_interval": 2, "deltat": 1, "node": "P1UDT471", "loadname": "tr(r:p1udt471-p1udt471lv)", "conn": "wye", "Node": 11, "phase": [2], "bus": "P1UDT471", "voltage_index": 34, "sbase": 51833633.33333334, "pmax": 71.2, "qmax": 14.4, "Vupper": 1.05, "Vlower": 0.95, "starttime": 20, "stoptime": 1000}