{"der_profile": null, "name": "feeder_0_tr(r:p1udt201-p1udt201lv)_nodes_PV", "LoadName": "TR(R:P1UDT201-P1UDT201LV)", "model_parameters": {}, "control_parameters": {"Vupper": 1.05, "Vlower": 0.95, "behavep1": 1.2, "uuid": 1.0, "type": "rbc", "nu": 0.1, "alpha": 1.0, "costp": 1.0, "costq": 1.0, "Aq": [1.0053619226603825, 1.138462394391397, 1.1363704753681698, 1.1399329477450042, 1.163804903253642, 1.1616635976633727, 1.1653554923961291, 1.0074827384420515, 2.4725143249576305, 2.4701841031141725, 2.4729794982534776, 2.7402740738662725, 2.7378877770765127, 2.7406105856039105, 1.0479324247977213, 1.0458930607504886, 1.049708793056697, 1.1321423531340826, 1.1300631903365617, 1.1335922581176359, 1.1317483884697488, 1.1296700224282048, 1.1331970225923158, 2.732037931946944, 2.7296708387824014, 2.7323412437465553, 2.7376483529421747, 1.0054826241814154, 1.0054826277498596, 1.0093464371013812], "Ap": [1.4423434564878717, 1.526392333685204, 1.5268923317427168, 1.5267512995353836, 1.5603945927327678, 1.5608676791582248, 1.5607865499989992, 1.4420607874326987, 1.9333078168731213, 1.933295393453457, 1.9352166231650678, 1.9879859261342052, 1.9878113118229088, 1.990240333360741, 1.4734428569660794, 1.4739060801636112, 1.4738422372960631, 1.5179125897409231, 1.5184195179833275, 1.5182630470091927, 1.5173840083851047, 1.517891353396251, 1.5177339443941757, 1.9820005306296493, 1.9818335211829055, 1.9842573579638674, 1.987637480738032, 1.4425166210419749, 1.442516626161447, 1.4424692828682857], "Mq": [0.6621822488781844, 0.6641718263786672, 0.6590650753268967], "Mp": [-0.7490593109049704, -0.7463714342245071, -0.7535867617700867], "Nodes_monitor_V_index_3": [3, 4, 5, 6, 7, 8, 9, 10, 11, 12, 13, 14, 15, 16, 17, 18, 19, 20, 21, 22, 23, 24, 25, 26, 27, 28, 29, 30, 63, 64], "capacity": 1397.7600000000002, "model_type": "PV", "volt_index": 19, "pmax": 1397.7600000000002, "qmax": 307.84000000000003, "pmin": 0.0, "qmin": 0.0}, "control_logic": "controller_type_name", "model_type": "PV", "type": "rbc", "helics": {"subscription_topic": ["feeder_0_gammauk", "feeder_0_gammalk", "feeder_0_muk", "feeder_0_lambdak", "feeder_0_alpha", "feeder_0_service", "feeder_0_behavior"], "publication_topic": ["feeder_0_tr(r:p1udt201-p1udt201lv)_nodes_PV"], "endpoints": ["feeder_0_tr(r:p1udt201-p1udt201lv)_nodes_PV_endpoint"], "publication_interval": 1, "endpoint_interval": 1, "deltat": 1}, "Agent": "primalupdate", "publication_interval": 2, "endpoint_interval": 2, "deltat": 1, "node": "P1UDT201", "loadname": "tr(r:p1udt201-p1udt201lv)", "conn": "wye", "Node": 6, "phase": [1, 2, 3], "bus": "P1UDT201", "voltage_index": 19, "sbase": 51833633.33333334, "pmax": 1075.2, "qmax": 236.8, "Vupper": 1.05, "Vlower": 0.95, "starttime": 20, "stoptime": 1000}