{"der_profile": null, "name": "feeder_0_tr(r:p1udt104-p1udt104lv)_nodes_PV", "LoadName": "TR(R:P1UDT104-P1UDT104LV)", "model_parameters": {}, "control_parameters": {"Vupper": 1.05, "Vlower": 0.95, "behavep1": 1.2, "uuid": 1.0, "type": "rbc", "nu": 0.1, "alpha": 1.0, "costp": 1.0, "costq": 1.0, "Aq": [0.2313535889639511, 0.8672305115432154, 0.20998871218276763, 0.2104716097399859, 0.8757277423086582, 0.22007186491723382, 0.2205686249257691, 0.8860571667546934, 0.8758915861515524, 0.18717898126828353, 0.18764329381924913, 0.8759187835942565, 0.1851762100544716, 0.18564237161610167, 0.8827912781571653, 0.22776889276014098, 0.22826287870129788, 0.8651147324564294, 0.20747250142482254, 0.20795172941222295, 0.8649781399199474, 0.2073180057684333, 0.20779700481882138, 0.8759210814122699, 0.18330267919074414, 0.18376318907401348, 0.1851600166757058, 0.23138136476235252, 0.23138136558352188, 0.2318750320546096], "Ap": [0.19713989880292923, 0.6956646180800163, 0.1906352952920399, 0.19107117936483198, 0.7143101182191671, 0.19330780110903098, 0.19376333054239644, 0.7342186739408917, 0.6500650088239874, 0.19774193546791352, 0.1981561274434741, 0.6457409912571241, 0.19819552715790023, 0.19861163126468043, 0.7278743719219625, 0.19593956382717462, 0.1963959099525381, 0.6909213177160939, 0.19001553182744307, 0.19044632458308997, 0.6906264234971679, 0.1899765109620455, 0.1904069889570252, 0.6416390976753107, 0.19867987232651518, 0.19908996446842106, 0.19817819525959635, 0.19716356698162732, 0.19716356768135823, 0.1976212391803153], "Mq": [0.4039954425739273, 0.019692008617713735, 0.019411041787038764], "Mp": [-0.99, 0.06716491997360723, 0.0660760333707291], "Nodes_monitor_V_index_3": [3, 4, 5, 6, 7, 8, 9, 10, 11, 12, 13, 14, 15, 16, 17, 18, 19, 20, 21, 22, 23, 24, 25, 26, 27, 28, 29, 30, 63, 64], "capacity": 227.76, "model_type": "PV", "volt_index": 13, "pmax": 227.76, "qmax": 46.800000000000004, "pmin": 0.0, "qmin": 0.0}, "control_logic": "controller_type_name", "model_type": "PV", "type": "rbc", "helics": {"subscription_topic": ["feeder_0_gammauk", "feeder_0_gammalk", "feeder_0_muk", "feeder_0_lambdak", "feeder_0_alpha", "feeder_0_service", "feeder_0_behavior"], "publication_topic": ["feeder_0_tr(r:p1udt104-p1udt104lv)_nodes_PV"], "endpoints": ["feeder_0_tr(r:p1udt104-p1udt104lv)_nodes_PV_endpoint"], "publication_interval": 1, "endpoint_interval": 1, "deltat": 1}, "Agent": "primalupdate", "publication_interval": 2, "endpoint_interval": 2, "deltat": 1, "node": "P1UDT104", "loadname": "tr(r:p1udt104-p1udt104lv)", "conn": "wye", "Node": 4, "phase": [1], "bus": "P1UDT104", "voltage_index": 13, "sbase": 51833633.33333334, "pmax": 175.2, "qmax": 36.0, "Vupper": 1.05, "Vlower": 0.95, "starttime": 20, "stoptime": 1000}