{"der_profile": null, "name": "feeder_0_tr(r:p1udt2-p1udt2lv)_nodes_PV_3", "LoadName": "TR(R:P1UDT2-P1UDT2LV)", "model_parameters": {}, "control_parameters": {"Vupper": 1.05, "Vlower": 0.95, "behavep1": 1.2, "uuid": 1.0, "type": "rbc", "nu": 0.1, "alpha": 1.0, "costp": 1.0, "costq": 1.0, "Aq": [0.9197862042961064, 0.20996371722523377, 0.8667388708441515, 0.2103397518347364, 0.22004709070469775, 0.8752184168276007, 0.2204346962308249, 0.23137689802062758, 0.18690146391459464, 0.8749869172163561, 0.18722864601835046, 0.18485537383530062, 0.8749336685974322, 0.1851779501496053, 0.22775896474275573, 0.8823461397347665, 0.22815395142365497, 0.20744737912114397, 0.8646275684043883, 0.20782035332478976, 0.20729287536066565, 0.8644912523162485, 0.20766565892237024, 0.18298145139122088, 0.8749416873491493, 0.1832996051286948, 0.8748571569748735, 0.8856365706844388, 0.8856352540329104, 0.23177532483172833], "Ap": [0.7811916901484544, 0.19086282573776397, 0.6958902426900118, 0.1911706429120632, 0.1935454505797976, 0.7145449784473138, 0.19386913023499328, 0.1973902352552785, 0.19816598874180844, 0.6503164878135625, 0.19842110040997463, 0.19866600695119432, 0.646005398985956, 0.19891627290044134, 0.1961686835258248, 0.7281486201909262, 0.196503462152151, 0.19024049334666387, 0.6911445929092868, 0.19054420405666567, 0.19020131415225672, 0.6908495535599763, 0.1905047714629728, 0.1991464791516338, 0.6419007381875887, 0.19939218336882925, 0.6459489067934252, 0.7345099383348258, 0.7345086208556478, 0.19773013765108016], "Mq": [0.019630861523606154, 0.4046504562008725, 0.019334184699549475], "Mp": [0.06695751037921553, -0.99, 0.06608048699577782], "Nodes_monitor_V_index_3": [3, 4, 5, 6, 7, 8, 9, 10, 11, 12, 13, 14, 15, 16, 17, 18, 19, 20, 21, 22, 23, 24, 25, 26, 27, 28, 29, 30, 63, 64], "capacity": 152.8, "model_type": "PV", "volt_index": 6, "pmax": 152.8, "qmax": 31.2, "pmin": 0.0, "qmin": 0.0}, "control_logic": "controller_type_name", "model_type": "PV", "type": "rbc", "helics": {"subscription_topic": ["feeder_0_gammauk", "feeder_0_gammalk", "feeder_0_muk", "feeder_0_lambdak", "feeder_0_alpha", "feeder_0_service", "feeder_0_behavior"], "publication_topic": ["feeder_0_tr(r:p1udt2-p1udt2lv)_nodes_PV_3"], "endpoints": ["feeder_0_tr(r:p1udt2-p1udt2lv)_nodes_PV_endpoint_3"], "publication_interval": 10, "endpoint_interval": 10, "deltat": 10}, "PV_file": "/Users/dvaidhyn/work/fy22/abm/mvpmarch/data/Solar_data_37.92_-122.29.csv", "Agent": "primalupdate", "publication_interval": 20, "endpoint_interval": 20, "deltat": 10, "starttime": 36000, "stoptime": 82800, "node": "P1UDT2", "loadname": "tr(r:p1udt2-p1udt2lv)", "conn": "wye", "Node": 1, "phase": [2], "bus": "P1UDT2", "voltage_index": 6, "sbase": 51833633.33333334, "pmax": 152.8, "qmax": 31.2, "house": "home_14"}