{"der_profile": null, "name": "feeder_0_tr(r:p1udt175-p1udt175lv)_nodes_PV_16", "LoadName": "TR(R:P1UDT175-P1UDT175LV)", "model_parameters": {}, "control_parameters": {"Vupper": 1.05, "Vlower": 0.95, "behavep1": 1.2, "uuid": 1.0, "type": "rbc", "nu": 0.1, "alpha": 1.0, "costp": 1.0, "costq": 1.0, "Aq": [1.0251742316636048, 1.1591845307351174, 1.157338200415334, 1.1606597427256362, 1.1849888586166224, 1.183097634239825, 1.1865443942894127, 1.0270669606498433, 2.7554823729097397, 2.753473038221521, 2.75588835812101, 2.4906459110556467, 2.488519192225537, 2.491104049089178, 1.0679409876644566, 1.0661373335033018, 1.0697222231069419, 1.1527493316078106, 1.1509145964209149, 1.1542038209464056, 1.1523481888061706, 1.1505141773106238, 1.1538014027178187, 2.483160511579294, 2.4810510755417616, 2.4835866776175384, 2.4883015749957984, 1.0252973118064825, 1.0252973154452494, 1.028935580970999], "Ap": [1.4283507806658566, 1.5107003726459676, 1.5110820243835335, 1.5110487519026545, 1.5443514633119892, 1.5447093060844748, 1.544731834281829, 1.4281637421540316, 1.9543626500588034, 1.9541011377944475, 1.956594866049593, 1.8932116943569208, 1.8929640539836372, 1.895126587469425, 1.458990500223961, 1.4593515686603564, 1.459374540893858, 1.502308211287684, 1.502695994989298, 1.5026483397994779, 1.501785088688096, 1.5021732417522025, 1.5021247117337124, 1.8875125991603596, 1.8872719821358759, 1.8894280942815418, 1.8927985171476303, 1.4285222652903569, 1.4285222703601637, 1.4285554599979693], "Mq": [0.6519444291278106, 0.6537045100861634, 0.6487772029468434], "Mp": [-0.7579816372111051, -0.7555515079953915, -0.7624695919875684], "Nodes_monitor_V_index_3": [3, 4, 5, 6, 7, 8, 9, 10, 11, 12, 13, 14, 15, 16, 17, 18, 19, 20, 21, 22, 23, 24, 25, 26, 27, 28, 29, 30, 63, 64], "capacity": 1674.4, "model_type": "PV", "volt_index": 16, "pmax": 1674.4, "qmax": 372.8, "pmin": 0.0, "qmin": 0.0}, "control_logic": "controller_type_name", "model_type": "PV", "type": "rbc", "helics": {"subscription_topic": ["feeder_0_gammauk", "feeder_0_gammalk", "feeder_0_muk", "feeder_0_lambdak", "feeder_0_alpha", "feeder_0_service", "feeder_0_behavior"], "publication_topic": ["feeder_0_tr(r:p1udt175-p1udt175lv)_nodes_PV_16"], "endpoints": ["feeder_0_tr(r:p1udt175-p1udt175lv)_nodes_PV_endpoint_16"], "publication_interval": 10, "endpoint_interval": 10, "deltat": 10}, "PV_file": "/Users/dvaidhyn/work/fy22/abm/mvpmarch/data/Solar_data_37.92_-122.29.csv", "Agent": "primalupdate", "publication_interval": 20, "endpoint_interval": 20, "deltat": 10, "starttime": 36000, "stoptime": 82800, "node": "P1UDT175", "loadname": "tr(r:p1udt175-p1udt175lv)", "conn": "wye", "Node": 5, "phase": [1, 2, 3], "bus": "P1UDT175", "voltage_index": 16, "sbase": 51833633.33333334, "pmax": 1674.4, "qmax": 372.8, "house": "home_80"}