{"der_profile": null, "name": "feeder_0_tr(r:p1udt454-p1udt454lv)_nodes_EV_45", "LoadName": "TR(R:P1UDT454-P1UDT454LV)", "model_parameters": {}, "control_parameters": {"Vupper": 1.05, "Vlower": 0.95, "behavep1": 1.2, "uuid": 1.0, "type": "rbc", "nu": 0.1, "alpha": 1.0, "costp": 1.0, "costq": 1.0, "Aq": [0.986391189416517, 1.1183794065817945, 1.1162817496644266, 1.1198453854866477, 1.143274518433211, 1.1411277812629765, 1.1448202399104719, 0.9885150890046146, 2.4469892361032617, 2.444660362930984, 2.4474291785313493, 2.714010121591045, 2.7116273519282887, 2.714316851603541, 1.0285504255363787, 1.0265056460881112, 1.0303219422476801, 1.1121709408842286, 1.110085961312323, 1.1136163470584202, 1.1117839312278557, 1.1096997436686757, 1.1132280711885476, 2.918036910306305, 2.9157026811546443, 2.9182383662285627, 2.7113902242283077, 0.9865096133534222, 0.9865096168545316, 0.9903738610724917], "Ap": [1.4553877698040465, 1.5411691168217756, 1.541645126006376, 1.5415385906606447, 1.5755002834189487, 1.5759487822085063, 1.5759037088125831, 1.4551297198569686, 1.965516917637597, 1.9654782269823476, 1.967420809242188, 2.0236962076507656, 2.0234947678077715, 2.0259435658357114, 1.4870387541435668, 1.4874784939978356, 1.4874531748404838, 1.5326073481473952, 1.5330904421557316, 1.5329680657876334, 1.5320736537034845, 1.5325571741258508, 1.5324338349143236, 2.0637076095516873, 2.0634393439284233, 2.06622357783178, 2.0233178162587784, 1.4555625004294543, 1.4555625055952262, 1.4555546236201722], "Mq": [0.6719351299810882, 0.6738932320955101, 0.6688669707888661], "Mp": [-0.740325436467065, -0.7376137939808587, -0.744890305839206], "Nodes_monitor_V_index_3": [3, 4, 5, 6, 7, 8, 9, 10, 11, 12, 13, 14, 15, 16, 17, 18, 19, 20, 21, 22, 23, 24, 25, 26, 27, 28, 29, 30, 63, 64], "capacity": 100.0, "model_type": "EV", "volt_index": 31, "pmax": 30.0, "qmax": 0.0, "pmin": 0.0, "qmin": 0.0}, "control_logic": "controller_type_name", "model_type": "EV", "type": "rbc", "helics": {"subscription_topic": ["feeder_0_gammauk", "feeder_0_gammalk", "feeder_0_muk", "feeder_0_lambdak", "feeder_0_alpha", "feeder_0_service", "feeder_0_behavior"], "publication_topic": ["feeder_0_tr(r:p1udt454-p1udt454lv)_nodes_EV_45"], "endpoints": ["feeder_0_tr(r:p1udt454-p1udt454lv)_nodes_EV_endpoint_45"], "publication_interval": 10, "endpoint_interval": 10, "deltat": 10}, "PV_file": "/Users/dvaidhyn/work/fy22/abm/mvpmarch/data/Solar_data_37.92_-122.29.csv", "Agent": "primalupdate", "publication_interval": 20, "endpoint_interval": 20, "deltat": 10, "starttime": 36000, "stoptime": 82800, "soc": 56, "ev_arrival": 61062, "ev_departure": 32038, "ev_travelled": 30, "node": "P1UDT454", "loadname": "tr(r:p1udt454-p1udt454lv)", "conn": "wye", "Node": 10, "phase": [1, 2, 3], "bus": "P1UDT454", "voltage_index": 31, "sbase": 51833633.33333334, "pmax": 2400.8, "qmax": 537.6, "house": "home_209"}