{"der_profile": null, "name": "feeder_0_tr(r:p1udt228-p1udt228lv)_nodes_EV_30", "LoadName": "TR(R:P1UDT228-P1UDT228LV)", "model_parameters": {}, "control_parameters": {"Vupper": 1.05, "Vlower": 0.95, "behavep1": 1.2, "uuid": 1.0, "type": "rbc", "nu": 0.1, "alpha": 1.0, "costp": 1.0, "costq": 1.0, "Aq": [1.3299390024765891, 1.3248941928574054, 1.3243461715523945, 1.326616268416014, 1.354392598777278, 1.3538249233227804, 1.356194738410478, 1.3305960177420577, 1.2866649210290784, 1.2859173429493436, 1.2880925265260805, 1.282535497192249, 1.281742808854126, 1.283937338315847, 1.377508626789789, 1.3770029694248938, 1.3793650929636359, 1.3175378101114918, 1.3169948617061271, 1.3192392267711868, 1.3170792473569475, 1.3165366130141682, 1.3187793900406977, 1.2786827629623874, 1.277897320028454, 1.280059984892553, 1.2816307223891428, 1.3300986720014256, 1.3300986767219278, 1.3325368819810564], "Ap": [1.1502016124099415, 1.1262035437414786, 1.1260176699276458, 1.126308232963822, 1.151282396783222, 1.151091786429997, 1.1514065622304044, 1.1504460129068625, 1.0936766717699784, 1.0932779560997146, 1.093698090062997, 1.090163990418076, 1.0897231195218766, 1.0901784529041672, 1.1709338710063197, 1.1708041226409875, 1.1710710451808803, 1.1199492126997392, 1.119764562073187, 1.1200488803461195, 1.1195593479012984, 1.1193747735298438, 1.119658708965734, 1.0868865148683713, 1.0864481680158506, 1.0868943565030833, 1.0896278248875442, 1.1503397030626537, 1.1503397071451942, 1.150565850294666], "Mq": [0.4583171253677486, 0.45894029388759344, 0.4544018276991555], "Mp": [-0.8883987118129616, -0.8875074205766734, -0.8921515181513402], "Nodes_monitor_V_index_3": [3, 4, 5, 6, 7, 8, 9, 10, 11, 12, 13, 14, 15, 16, 17, 18, 19, 20, 21, 22, 23, 24, 25, 26, 27, 28, 29, 30, 63, 64], "capacity": 100.0, "model_type": "EV", "volt_index": 22, "pmax": 30.0, "qmax": 0.0, "pmin": 0.0, "qmin": 0.0}, "control_logic": "controller_type_name", "model_type": "EV", "type": "rbc", "helics": {"subscription_topic": ["feeder_0_gammauk", "feeder_0_gammalk", "feeder_0_muk", "feeder_0_lambdak", "feeder_0_alpha", "feeder_0_service", "feeder_0_behavior"], "publication_topic": ["feeder_0_tr(r:p1udt228-p1udt228lv)_nodes_EV_30"], "endpoints": ["feeder_0_tr(r:p1udt228-p1udt228lv)_nodes_EV_endpoint_30"], "publication_interval": 10, "endpoint_interval": 10, "deltat": 10}, "PV_file": "/Users/dvaidhyn/work/fy22/abm/mvpmarch/data/Solar_data_37.92_-122.29.csv", "Agent": "primalupdate", "publication_interval": 20, "endpoint_interval": 20, "deltat": 10, "starttime": 36000, "stoptime": 82800, "soc": 45, "ev_arrival": 57832, "ev_departure": 34747, "ev_travelled": 22, "node": "P1UDT228", "loadname": "tr(r:p1udt228-p1udt228lv)", "conn": "wye", "Node": 7, "phase": [1, 2, 3], "bus": "P1UDT228", "voltage_index": 22, "sbase": 51833633.33333334, "pmax": 2434.4, "qmax": 543.2, "house": "home_138"}