{"der_profile": null, "name": "feeder_0_tr(r:p1udt61-p1udt61lv)_nodes_EV_8", "LoadName": "TR(R:P1UDT61-P1UDT61LV)", "model_parameters": {}, "control_parameters": {"Vupper": 1.05, "Vlower": 0.95, "behavep1": 1.2, "uuid": 1.0, "type": "rbc", "nu": 0.1, "alpha": 1.0, "costp": 1.0, "costq": 1.0, "Aq": [1.223379187600738, 1.8623491723519598, 1.861877851222074, 1.8633351935518394, 1.3972987702571207, 1.396653310884411, 1.3989059643405257, 1.2241422052452995, 1.3274295115786758, 1.3266113599955023, 1.3286409158581827, 1.3231694665559632, 1.3223056640325948, 1.3243537346709453, 1.269069248873205, 1.2684439726887136, 1.2708974768201133, 1.852009167463569, 1.851544583514295, 1.85297116300449, 1.8513646181269965, 1.8509004487532972, 1.852325142066752, 1.319194864930362, 1.3183393844091889, 1.3203532236358129, 1.322190030407436, 1.22352606379071, 1.2235260681329878, 1.2260569459815198], "Ap": [1.2629493911763092, 1.592322586726251, 1.5921501402759428, 1.5927726030563611, 1.3550978462946974, 1.3549407735617347, 1.3553508580717364, 1.2631708442504195, 1.2872845480880535, 1.2868887664424826, 1.2874299423117044, 1.283149405728379, 1.2827044037354802, 1.2832874769225424, 1.287710642137806, 1.2876200685524504, 1.2879274732803476, 1.5834776989860648, 1.5833054803413404, 1.583925862994055, 1.5829263545449885, 1.5827541514563985, 1.5833744014176887, 1.2792911453559845, 1.2788494900703813, 1.2794222375046624, 1.2825922331804818, 1.263101018077096, 1.2631010225598254, 1.2633800142984168], "Mq": [0.5347627344092349, 0.5354691687351808, 0.5310923223707963], "Mp": [-0.8446380863705818, -0.843565188029987, -0.8486724532829124], "Nodes_monitor_V_index_3": [3, 4, 5, 6, 7, 8, 9, 10, 11, 12, 13, 14, 15, 16, 17, 18, 19, 20, 21, 22, 23, 24, 25, 26, 27, 28, 29, 30, 63, 64], "capacity": 100.0, "model_type": "EV", "volt_index": 7, "pmax": 30.0, "qmax": 0.0, "pmin": 0.0, "qmin": 0.0}, "control_logic": "controller_type_name", "model_type": "EV", "type": "rbc", "helics": {"subscription_topic": ["feeder_0_gammauk", "feeder_0_gammalk", "feeder_0_muk", "feeder_0_lambdak", "feeder_0_alpha", "feeder_0_service", "feeder_0_behavior"], "publication_topic": ["feeder_0_tr(r:p1udt61-p1udt61lv)_nodes_EV_8"], "endpoints": ["feeder_0_tr(r:p1udt61-p1udt61lv)_nodes_EV_endpoint_8"], "publication_interval": 10, "endpoint_interval": 10, "deltat": 10}, "PV_file": "/Users/dvaidhyn/work/fy22/abm/mvpmarch/data/Solar_data_37.92_-122.29.csv", "Agent": "primalupdate", "publication_interval": 20, "endpoint_interval": 20, "deltat": 10, "starttime": 36000, "stoptime": 82800, "soc": 52, "ev_arrival": 56953, "ev_departure": 35586, "ev_travelled": 17, "node": "P1UDT61", "loadname": "tr(r:p1udt61-p1udt61lv)", "conn": "wye", "Node": 2, "phase": [1, 2, 3], "bus": "P1UDT61", "voltage_index": 7, "sbase": 51833633.33333334, "pmax": 2490.4, "qmax": 550.4, "house": "home_21"}