{"der_profile": null, "name": "feeder_0_tr(r:p1udt62-p1udt62lv)_nodes", "LoadName": "TR(R:P1UDT62-P1UDT62LV)", "model_parameters": {}, "control_parameters": {"Vupper": 1.05, "Vlower": 0.95, "behavep1": 1.2, "uuid": 1.0, "type": "rbc", "nu": 10.0, "alpha": 100.0, "costp": 1.0, "costq": 1.0, "Aq": [1.2879600881776432, 1.4345404269134505, 1.4339056666121262, 1.4360847951256905, 1.4664792805119653, 1.4658213628859529, 1.4681065518901688, 1.2887379612664487, 1.3931468267181706, 1.3923028631567314, 1.3943774323256224, 1.3886755962505593, 1.3877833919136988, 1.3898790005848636, 1.334890682246559, 1.334257005378345, 1.3367352546099522, 1.4265754221796683, 1.4259466388331163, 1.428098401895626, 1.4260789202965847, 1.4254505068750565, 1.427600583389029, 1.3845039464535125, 1.3836201617913575, 1.3856813780715531, 1.3876620323605282, 1.2881147178072008, 1.2881147223787028, 1.290667947741341], "Ap": [1.1969914038100677, 1.252014624410657, 1.2518837311131554, 1.2522151560463666, 1.2798976659116037, 1.279761512825175, 1.280115720622943, 1.197184560984692, 1.215844438656244, 1.215479691559782, 1.215973991794074, 1.2119385605961202, 1.211527109856848, 1.2120620883699995, 1.2193327724540732, 1.2192627868103372, 1.219499817775075, 1.2450609553721173, 1.244931419430654, 1.245256967665775, 1.2446274982714374, 1.2444980462082682, 1.2448232336005725, 1.208294204430889, 1.2078857098903688, 1.208411989190022, 1.2114211636482661, 1.1971351119412854, 1.1971351161899022, 1.197338221981481], "Mq": [0.48969105112937855, 0.49043928696294004, 0.48586906135366714], "Mp": [-0.8715290398203847, -0.8704834972756863, -0.8753955079502234], "Nodes_monitor_V_index_3": [3, 4, 5, 6, 7, 8, 9, 10, 11, 12, 13, 14, 15, 16, 17, 18, 19, 20, 21, 22, 23, 24, 25, 26, 27, 28, 29, 30, 63, 64], "capacity": 1937.76, "model_type": "PV", "volt_index": 10, "pmax": 1937.76, "qmax": 419.76, "pmin": 0.0, "qmin": 0.0}, "control_logic": "controller_type_name", "model_type": "PV", "type": "rbc", "helics": {"subscription_topic": ["feeder_0_gammauk", "feeder_0_gammalk", "feeder_0_muk", "feeder_0_lambdak", "feeder_0_alpha", "feeder_0_service"], "publication_topic": ["feeder_0_tr(r:p1udt62-p1udt62lv)_nodes"], "endpoints": ["feeder_0_tr(r:p1udt62-p1udt62lv)_nodes_endpoint"], "publication_interval": 2, "endpoint_interval": 2, "deltat": 1}, "Agent": "primalupdate", "publication_interval": 2, "endpoint_interval": 2, "deltat": 1, "node": "P1UDT62", "loadname": "tr(r:p1udt62-p1udt62lv)", "conn": "wye", "Node": 3, "phase": [1, 2, 3], "bus": "P1UDT62", "voltage_index": 10, "sbase": 51833633.33333334, "pmax": 587.2, "qmax": 127.2, "Vupper": 1.05, "Vlower": 0.95, "starttime": 20, "stoptime": 1000}