{"der_profile": null, "name": "feeder_0_tr(r:p1udt258-p1udt258lv)_nodes", "LoadName": "TR(R:P1UDT258-P1UDT258LV)", "model_parameters": {}, "control_parameters": {"Vupper": 1.05, "Vlower": 0.95, "behavep1": 1.2, "uuid": 1.0, "type": "rbc", "nu": 10.0, "alpha": 100.0, "costp": 1.0, "costq": 1.0, "Aq": [1.2059964495656241, 1.8404023171690445, 1.8399348931030328, 1.841379664597345, 1.3786389639692216, 1.3779967826619721, 1.3802411012469509, 1.206755486164206, 1.3097037714106419, 1.3088924596873757, 1.3109105287475487, 1.305500685486623, 1.304644418703053, 1.3066803357988253, 1.2513428029472056, 1.2507197567151527, 1.253166780056054, 2.2164235879160987, 2.216078144642037, 2.216968864104678, 2.2156522183785965, 2.2153072261385423, 2.2161958981517214, 1.3015792298578193, 1.30073125619547, 1.302732998816925, 1.3045303295270168, 1.2061412388226485, 1.206141243103228, 1.2086661987566032], "Ap": [1.2795654106880325, 1.6176428195697028, 1.6174681043135068, 1.618090650105251, 1.3740805558116698, 1.373918086400217, 1.3743427957141887, 1.2797941585076875, 1.30531814910812, 1.3049144665082317, 1.3054677541659243, 1.3011251366584897, 1.3006716017581883, 1.301267078078136, 1.30494606084271, 1.3048501432783726, 1.305176000881155, 1.807491438036931, 1.8072980196401867, 1.8081150812541484, 1.8068620461912401, 1.806668582345484, 1.8074857251649257, 1.297212883472378, 1.2967627970339715, 1.2973475214118202, 1.3005578599989691, 1.2797190324712429, 1.2797190370129485, 1.2800179327397625], "Mq": [0.5462657107991001, 0.5469610155508712, 0.542636377229768], "Mp": [-0.8372482644868205, -0.8361684095458872, -0.8413257133785729], "Nodes_monitor_V_index_3": [3, 4, 5, 6, 7, 8, 9, 10, 11, 12, 13, 14, 15, 16, 17, 18, 19, 20, 21, 22, 23, 24, 25, 26, 27, 28, 29, 30, 63, 64], "capacity": 1657.9199999999998, "model_type": "PV", "volt_index": 25, "pmax": 1657.9199999999998, "qmax": 353.76, "pmin": 0.0, "qmin": 0.0}, "control_logic": "controller_type_name", "model_type": "PV", "type": "rbc", "helics": {"subscription_topic": ["feeder_0_gammauk", "feeder_0_gammalk", "feeder_0_muk", "feeder_0_lambdak", "feeder_0_alpha", "feeder_0_service"], "publication_topic": ["feeder_0_tr(r:p1udt258-p1udt258lv)_nodes"], "endpoints": ["feeder_0_tr(r:p1udt258-p1udt258lv)_nodes_endpoint"], "publication_interval": 2, "endpoint_interval": 2, "deltat": 1}, "Agent": "primalupdate", "publication_interval": 2, "endpoint_interval": 2, "deltat": 1, "node": "P1UDT258", "loadname": "tr(r:p1udt258-p1udt258lv)", "conn": "wye", "Node": 8, "phase": [1, 2, 3], "bus": "P1UDT258", "voltage_index": 25, "sbase": 51833633.33333334, "pmax": 502.4, "qmax": 107.2, "Vupper": 1.05, "Vlower": 0.95, "starttime": 20, "stoptime": 1000}