{"der_profile": null, "name": "feeder_0_tr(r:p1udt259-p1udt259lv)_nodes", "LoadName": "TR(R:P1UDT259-P1UDT259LV)", "model_parameters": {}, "control_parameters": {"Vupper": 1.05, "Vlower": 0.95, "behavep1": 1.2, "uuid": 1.0, "type": "rbc", "nu": 10.0, "alpha": 100.0, "costp": 1.0, "costq": 1.0, "Aq": [1.2049147253056238, 1.8390346233574055, 1.8385674380457122, 1.8400114447241926, 1.377477256045416, 1.3768352773278705, 1.3790790835608524, 1.2056735147290722, 1.3086002150913525, 1.3077893270436318, 1.3098066909844095, 1.3044006752331052, 1.303544875404632, 1.3055800461026987, 1.2502395614630597, 1.249616653233764, 1.2520632762204318, 2.2148953282876045, 2.214550158733613, 2.2154398873036145, 2.2739643018473865, 2.273637544879651, 2.274443987690402, 1.300482528278304, 1.2996350197311581, 1.301636019718993, 1.3034308823819896, 1.2050593846932343, 1.2050593889699739, 1.2075839778179918], "Ap": [1.2805844894512604, 1.6191977788364758, 1.6190229223383967, 1.6196454822480102, 1.3752453267709281, 1.3750825229619938, 1.375508144597446, 1.2808136884936128, 1.306424683726413, 1.3060205138242547, 1.3065745560097506, 1.3022281204309192, 1.301774059503956, 1.3023703079817621, 1.306003266857308, 1.3059070178005592, 1.30623402445642, 1.809364135716704, 1.8091707152723338, 1.8099871469716606, 1.8395928340089462, 1.8393968999952734, 1.8402417221728558, 1.2983125543064293, 1.2978619481345508, 1.2984474182839496, 1.3016602213364783, 1.280738233582805, 1.2807382381281278, 1.281038372594566], "Mq": [0.5469732852839683, 0.547667897277293, 0.5433465186589693], "Mp": [-0.8367864044336835, -0.835706120788192, -0.8408665094218214], "Nodes_monitor_V_index_3": [3, 4, 5, 6, 7, 8, 9, 10, 11, 12, 13, 14, 15, 16, 17, 18, 19, 20, 21, 22, 23, 24, 25, 26, 27, 28, 29, 30, 63, 64], "capacity": 1890.2399999999998, "model_type": "PV", "volt_index": 28, "pmax": 1890.2399999999998, "qmax": 409.2, "pmin": 0.0, "qmin": 0.0}, "control_logic": "controller_type_name", "model_type": "PV", "type": "rbc", "helics": {"subscription_topic": ["feeder_0_gammauk", "feeder_0_gammalk", "feeder_0_muk", "feeder_0_lambdak", "feeder_0_alpha", "feeder_0_service"], "publication_topic": ["feeder_0_tr(r:p1udt259-p1udt259lv)_nodes"], "endpoints": ["feeder_0_tr(r:p1udt259-p1udt259lv)_nodes_endpoint"], "publication_interval": 2, "endpoint_interval": 2, "deltat": 1}, "Agent": "primalupdate", "publication_interval": 2, "endpoint_interval": 2, "deltat": 1, "node": "P1UDT259", "loadname": "tr(r:p1udt259-p1udt259lv)", "conn": "wye", "Node": 9, "phase": [1, 2, 3], "bus": "P1UDT259", "voltage_index": 28, "sbase": 51833633.33333334, "pmax": 572.8, "qmax": 124.0, "Vupper": 1.05, "Vlower": 0.95, "starttime": 20, "stoptime": 1000}