{"der_profile": null, "name": "feeder_0_tr(r:p1udt1-p1udt1lv)_nodes", "LoadName": "TR(R:P1UDT1-P1UDT1LV)", "model_parameters": {}, "control_parameters": {"Vupper": 1.05, "Vlower": 0.95, "behavep1": 1.2, "uuid": 1.0, "type": "rbc", "nu": 10.0, "alpha": 100.0, "costp": 1.0, "costq": 1.0, "Aq": [1.2092279198290037, 1.8444867337443243, 1.8440185878446143, 1.8454656718985503, 1.3821090220018304, 1.3814662302263798, 1.3837120938544625, 1.2099876987536196, 1.3130001271392473, 1.3121875429758794, 1.3142077407850024, 1.3087864488980658, 1.3079287802924016, 1.3099669499641577, 1.2546384672088275, 1.254015004439821, 1.25646323403743, 2.03956761930641, 2.0391675981775235, 2.0403050921708883, 2.0388577989771597, 2.038458211950291, 2.039593733422767, 1.3048551100514205, 1.304005739963384, 1.306009724418057, 1.3078144039039243, 1.209373097049176, 1.2093731013412252, 1.2118991614826689], "Ap": [1.2765107456849507, 1.6129833162863445, 1.6128090063084435, 1.613431595152573, 1.370589575166655, 1.3704280920610108, 1.3708501419771606, 1.2767381561263822, 1.3020017109453454, 1.3015994741184085, 1.3021505705866772, 1.2978193408876195, 1.2973673679080602, 1.2979605998577854, 1.301777220573626, 1.301682281245145, 1.3020047669433168, 1.7098513827401352, 1.709667200230558, 1.7103923230118736, 1.7092560120054587, 1.7090718139075602, 1.7097969117079561, 1.2939170170533978, 1.2934684737559152, 1.2940510325180083, 1.2972539150990803, 1.2766640007318606, 1.2766640052627243, 1.276959259176176], "Mq": [0.5441462349073332, 0.5448435946405823, 0.54050929799214], "Mp": [-0.83862661416692, -0.8375480323890074, -0.8426961381433613], "Nodes_monitor_V_index_3": [3, 4, 5, 6, 7, 8, 9, 10, 11, 12, 13, 14, 15, 16, 17, 18, 19, 20, 21, 22, 23, 24, 25, 26, 27, 28, 29, 30, 63, 64], "capacity": 2178.0, "model_type": "PV", "volt_index": 3, "pmax": 2178.0, "qmax": 459.35999999999996, "pmin": 0.0, "qmin": 0.0}, "control_logic": "controller_type_name", "model_type": "PV", "type": "rbc", "helics": {"subscription_topic": ["feeder_0_gammauk", "feeder_0_gammalk", "feeder_0_muk", "feeder_0_lambdak", "feeder_0_alpha", "feeder_0_service"], "publication_topic": ["feeder_0_tr(r:p1udt1-p1udt1lv)_nodes"], "endpoints": ["feeder_0_tr(r:p1udt1-p1udt1lv)_nodes_endpoint"], "publication_interval": 2, "endpoint_interval": 2, "deltat": 1}, "Agent": "primalupdate", "publication_interval": 2, "endpoint_interval": 2, "deltat": 1, "node": "P1UDT1", "loadname": "tr(r:p1udt1-p1udt1lv)", "conn": "wye", "Node": 0, "phase": [1, 2, 3], "bus": "P1UDT1", "voltage_index": 3, "sbase": 51833633.33333334, "pmax": 660.0, "qmax": 139.2, "Vupper": 1.05, "Vlower": 0.95, "starttime": 20, "stoptime": 1000}